year,education,unemployed_population,labor_force_population,unemployment_rate,observations
2000,Less than high school,711887.4379999997,11671455.465400018,0.06099388719002417,4807
2000,High school / GED,1224007.1506000012,36851576.055300176,0.03321451296311541,16522
2000,Some college / associate,839314.1828999993,31846440.727500066,0.026355038859185102,14349
2000,Bachelor's or higher,492994.45589999977,35415504.79990025,0.013920300125197942,15631
2001,Less than high school,806754.109,11544854.78369996,0.06987997026511295,5445
2001,High school / GED,1349123.5509000018,35636007.59919999,0.03785843706381657,18553
2001,Some college / associate,951520.5656999998,32010773.433900148,0.029725010164619065,16630
2001,Bachelor's or higher,706229.0327999992,35607661.15360001,0.019833625964748264,18293
2002,Less than high school,1078890.6937000004,12247575.44540001,0.08809014474005254,5450
2002,High school / GED,2016425.9958999988,36060327.49260019,0.05591812765188509,18582
2002,Some college / associate,1501339.4821,32113063.94060019,0.046751673551830505,16453
2002,Bachelor's or higher,1042346.6812,37730729.45110024,0.027625935049861723,18986
2003,Less than high school,1008455.9941000002,12270582.898899969,0.08218484830010855,5362
2003,High school / GED,2145074.0134999985,36271213.76449979,0.059139846475153676,18547
2003,Some college / associate,1587073.7808000005,32786137.474599842,0.04840685433072262,16690
2003,Bachelor's or higher,1122741.2424000006,38283250.75999985,0.029327218042128587,19114
2004,Less than high school,963825.6416000006,11566145.040199967,0.08333162330664816,4896
2004,High school / GED,1918031.5460999988,35965580.72020011,0.05332964205476416,17748
2004,Some college / associate,1359993.7084999993,33275736.822799724,0.04087043108142882,16412
2004,Bachelor's or higher,1062501.1096999992,38868973.41039987,0.027335455929888647,18697
2005,Less than high school,992465.8140999998,11980378.6863,0.08284093851181187,4957
2005,High school / GED,1646382.364600001,36672173.91200011,0.04489459415606831,17568
2005,Some college / associate,1284966.7781,33558675.39159996,0.0382901518938271,16263
2005,Bachelor's or higher,904971.7726999992,39373670.685399786,0.02298418605496117,18762
2006,Less than high school,836608.1310999993,12210182.77369996,0.06851724880826565,5104
2006,High school / GED,1641319.7371000014,36579834.739699766,0.04486952302490016,17193
2006,Some college / associate,1277936.8799999994,34148592.03809996,0.03742282781598114,16133
2006,Bachelor's or higher,840696.5895999992,40519032.271000125,0.020748190232610618,18880
2007,Less than high school,839407.9787999992,12007825.951799968,0.06990507542076527,4875
2007,High school / GED,1502476.0791999984,36401134.85380009,0.04127552850301171,16769
2007,Some college / associate,1207115.0170999996,34381983.36690005,0.03510894075593393,16064
2007,Bachelor's or higher,731079.8779000001,41793643.90670013,0.01749260915205332,19302
2008,Less than high school,905650.6289000006,11551459.091099968,0.07840140555038416,4558
2008,High school / GED,1823371.4855000013,35751571.11800019,0.051001156829775546,16382
2008,Some college / associate,1371444.3647999996,35243079.173500024,0.03891386328783712,16225
2008,Bachelor's or higher,838447.8310999996,43236541.474600285,0.019392111452590483,19713
2009,Less than high school,1761234.877399998,11449040.348999977,0.15383253300822144,4561
2009,High school / GED,3452328.6656999923,36227955.93300025,0.09529460265670817,16510
2009,Some college / associate,2665065.1678000013,35472422.69430005,0.07513062163155386,16413
2009,Bachelor's or higher,1742673.2996000007,43173987.936499886,0.04036396411105495,19949
2010,Less than high school,1740281.2638000005,11513088.588700015,0.15115676826356306,4697
2010,High school / GED,3962717.795699999,36734959.58439999,0.10787320417749478,16700
2010,Some college / associate,2906002.802699997,35074351.45789972,0.08285264536361041,16239
2010,Bachelor's or higher,1922418.1773999983,43481509.108600155,0.04421231500034955,19985
2011,Less than high school,1649024.617400002,10962389.459699996,0.15042565523348322,4406
2011,High school / GED,3527950.527799999,35352954.66559988,0.09979223974829078,15703
2011,Some college / associate,2534250.7082000026,34915045.88409978,0.07258334176653893,15654
2011,Bachelor's or higher,1797224.9517000006,44348132.70310032,0.040525380487425995,20070
2012,Less than high school,1392149.5136000006,10726928.002699984,0.12978082012385975,4211
2012,High school / GED,2766405.5973,34578409.39999999,0.08000384185687849,15115
2012,Some college / associate,2587755.8180999984,35129501.74080016,0.07366332255986777,15643
2012,Bachelor's or higher,1647388.965,45291549.344699904,0.03637298765079187,20240
2013,Less than high school,1212372.6324999994,10379212.742599998,0.11680776399581723,3955
2013,High school / GED,2514333.0722000026,33973480.741699874,0.07400869788163475,14667
2013,Some college / associate,2086584.4512999975,35028315.792100035,0.059568506338822796,15435
2013,Bachelor's or higher,1653000.0032000009,46591702.3692995,0.035478420386914344,20392
2014,Less than high school,906462.3652000003,10318772.440400017,0.08784594974214398,3812
2014,High school / GED,2080256.3648999976,33907489.89430007,0.06135093961200866,14183
2014,Some college / associate,1940647.0203000007,35147353.24280004,0.055214599144746225,15031
2014,Bachelor's or higher,1366746.5356999997,47059820.82100042,0.029042748396740384,20144
2015,Less than high school,930899.2506,10892658.648100004,0.0854611606471645,4096
2015,High school / GED,1796668.8620000007,33371071.268700246,0.053839112551509596,14182
2015,Some college / associate,1588259.8036000002,35431491.920500204,0.04482621864085417,15060
2015,Bachelor's or higher,1234346.0388000007,48000384.51700015,0.025715336475332525,20195
2016,Less than high school,806962.2800999997,10353708.338799989,0.07793944485339134,3793
2016,High school / GED,1816785.9862999977,33474100.00490013,0.0542743788790153,13555
2016,Some college / associate,1384487.7233000014,35517451.52259984,0.03898049167235573,14431
2016,Bachelor's or higher,1142956.4548000006,49849318.60460018,0.02292822623847313,19928
2017,Less than high school,611666.7335999996,9545190.74320002,0.06408114306523942,3466
2017,High school / GED,1504378.4707999993,33903818.77429997,0.04437194762084912,13639
2017,Some college / associate,1199167.2675,35599446.40340001,0.03368499762359986,14243
2017,Bachelor's or higher,1136274.237399999,50899271.31019989,0.022323978480460034,20245
2018,Less than high school,572024.8455999997,9730378.556099998,0.05878752222249317,3361
2018,High school / GED,1432026.7480000004,33309650.77100014,0.042991346797509614,12923
2018,Some college / associate,1182960.8290000006,35597391.15289997,0.03323167206042934,13811
2018,Bachelor's or higher,1011340.0390000008,52785126.15469951,0.01915956468562802,20036
2019,Less than high school,487739.5232000001,9390606.427500008,0.051939086891308196,3116
2019,High school / GED,1133846.681100001,33367435.247899942,0.033980636290329276,12405
2019,Some college / associate,1027891.3386000008,34868515.248299815,0.02947906818745661,13124
2019,Bachelor's or higher,981014.0975000003,54001001.92870015,0.018166590664285737,19504
2020,Less than high school,1686082.6597000002,8094461.947200002,0.20830077041541248,2164
2020,High school / GED,5202905.8276,30617175.346399993,0.16993422053911858,9560
2020,Some college / associate,4869700.697100006,33290071.871400174,0.1462808706425057,10596
2020,Bachelor's or higher,4413524.570200008,55729182.63,0.0791959322192558,17053
2021,Less than high school,826243.6218999999,8343853.694500014,0.09902422215823747,2571
2021,High school / GED,2264625.700999998,32200744.980500143,0.07032836359442587,11012
2021,Some college / associate,1909593.1583999987,32920878.52090001,0.058005534608916415,11239
2021,Bachelor's or higher,1834790.4641,56241937.514900014,0.0326231731190611,18590
2022,Less than high school,467561.8034999999,8633166.814299991,0.05415878246734788,2486
2022,High school / GED,1279224.4041000002,34068902.67299984,0.03754815399774547,10576
2022,Some college / associate,991187.8601000003,32732093.58319989,0.03028183509192759,10222
2022,Bachelor's or higher,1015389.219,57027130.6234,0.01780537102077786,17410
2023,Less than high school,493010.9274999998,8538699.152699996,0.057738411751409036,2329
2023,High school / GED,1329626.5702999998,33254036.900399983,0.039983914562986694,9908
2023,Some college / associate,918133.5442999997,32772250.51280002,0.02801557811665695,9820
2023,Bachelor's or higher,1051798.4602000003,59436894.448699705,0.017696053435426594,17323
2024,Less than high school,510344.12530000013,8445446.683999997,0.06042831651129281,2283
2024,High school / GED,1367265.3232999989,33663464.01680015,0.0406157049856084,9846
2024,Some college / associate,1037313.0490000001,33311191.84730011,0.031140076096799127,9828
2024,Bachelor's or higher,1183767.5867,59664328.06240032,0.01984045786054859,17237
2025,Less than high school,516114.71229999996,8230006.4639,0.06271133741679052,2055
2025,High school / GED,1354662.8664000006,34101631.06179997,0.03972428368440914,9442
2025,Some college / associate,1138506.5630000008,33675748.60410002,0.03380790658537544,9377
2025,Bachelor's or higher,1450439.9102000014,61552064.42590023,0.02356443969391345,16812
