year,education,gap
2000,Less than high school,0.04707358706482623
2000,High school / GED,0.019294212837917466
2000,Some college / associate,0.01243473873398716
2001,Less than high school,0.050046344300364684
2001,High school / GED,0.018024811099068307
2001,Some college / associate,0.0098913841998708
2002,Less than high school,0.06046420969019082
2002,High school / GED,0.02829219260202337
2002,Some college / associate,0.019125738501968782
2003,Less than high school,0.052857630257979966
2003,High school / GED,0.02981262843302509
2003,Some college / associate,0.019079636288594035
2004,Less than high school,0.05599616737675951
2004,High school / GED,0.025994186124875515
2004,Some college / associate,0.013534975151540174
2005,Less than high school,0.0598567524568507
2005,High school / GED,0.021910408101107136
2005,Some college / associate,0.015305965838865926
2006,Less than high school,0.047769058575655034
2006,High school / GED,0.024121332792289542
2006,Some college / associate,0.016674637583370525
2007,Less than high school,0.052412466268711946
2007,High school / GED,0.023782919350958387
2007,Some college / associate,0.01761633160388061
2008,Less than high school,0.05900929409779368
2008,High school / GED,0.03160904537718506
2008,Some college / associate,0.01952175183524664
2009,Less than high school,0.1134685688971665
2009,High school / GED,0.054930638545653214
2009,Some college / associate,0.03476665752049891
2010,Less than high school,0.1069444532632135
2010,High school / GED,0.06366088917714524
2010,Some college / associate,0.03864033036326086
2011,Less than high school,0.10990027474605724
2011,High school / GED,0.059266859260864786
2011,Some college / associate,0.03205796127911293
2012,Less than high school,0.09340783247306789
2012,High school / GED,0.043630854206086624
2012,Some college / associate,0.0372903349090759
2013,Less than high school,0.08132934360890288
2013,High school / GED,0.038530277494720405
2013,Some college / associate,0.024090085951908452
2014,Less than high school,0.058803201345403594
2014,High school / GED,0.032308191215268275
2014,Some college / associate,0.02617185074800584
2015,Less than high school,0.05974582417183197
2015,High school / GED,0.02812377607617707
2015,Some college / associate,0.019110882165521644
2016,Less than high school,0.055011218614918214
2016,High school / GED,0.03134615264054218
2016,Some college / associate,0.016052265433882603
2017,Less than high school,0.041757164584779384
2017,High school / GED,0.022047969140389083
2017,Some college / associate,0.011361019143139826
2018,Less than high school,0.039627957536865155
2018,High school / GED,0.023831782111881594
2018,Some college / associate,0.014072107374801319
2019,Less than high school,0.033772496227022455
2019,High school / GED,0.01581404562604354
2019,Some college / associate,0.011312477523170873
2020,Less than high school,0.12910483819615667
2020,High school / GED,0.09073828831986278
2020,Some college / associate,0.06708493842324989
2021,Less than high school,0.06640104903917637
2021,High school / GED,0.037705190475364775
2021,Some college / associate,0.025382361489855315
2022,Less than high school,0.03635341144657002
2022,High school / GED,0.01974278297696761
2022,Some college / associate,0.012476464071149732
2023,Less than high school,0.04004235831598244
2023,High school / GED,0.0222878611275601
2023,Some college / associate,0.010319524681230357
2024,Less than high school,0.04058785865074422
2024,High school / GED,0.020775247125059813
2024,Some college / associate,0.011299618236250537
2025,Less than high school,0.03914689772287708
2025,High school / GED,0.01615984399049569
2025,Some college / associate,0.01024346689146199
