age_group,education,unemployed_population,labor_force_population,unemployment_rate,observations
25-34,Less than high school,170642.16169999997,1510375.6282000009,0.11297994916891223,384
25-34,High school / GED,497780.77489999996,9765548.070400001,0.050973152895412516,2518
25-34,Some college / associate,350041.2958000001,9180415.755600018,0.038129133267899795,2317
25-34,Bachelor's or higher,494880.7158,17468908.015099972,0.028329230159791868,4396
35-44,Less than high school,123829.79539999999,2329325.244699999,0.0531612301381074,581
35-44,High school / GED,386797.2466999999,8756678.947699992,0.0441716830102119,2399
35-44,Some college / associate,322412.2591999999,9399457.820700007,0.03430115495491302,2578
35-44,Bachelor's or higher,301986.0628,17786266.33180001,0.01697860906648407,4913
45-54,Less than high school,125437.82169999997,2420999.5578,0.05181241000059796,572
45-54,High school / GED,256748.56859999994,8062645.088200003,0.031844210651881664,2260
45-54,Some college / associate,263603.9461999999,7944241.787299987,0.03318176274813396,2275
45-54,Bachelor's or higher,361911.81350000005,14999214.823100002,0.024128717254094302,4179
55-64,Less than high school,96204.93349999998,1969306.0331999995,0.04885220066262275,518
55-64,High school / GED,213336.27620000002,7516758.955499999,0.02838141777100651,2265
55-64,Some college / associate,202449.06179999997,7151633.24049999,0.028308087816014207,2207
55-64,Bachelor's or higher,291661.3181,11297675.255899988,0.025816047239248234,3324
