year,home_price,mortgage_rate,cpi,household_income,real_home_price_2025,down_payment,loan_amount,monthly_payment,payment_at_2021_rate,monthly_income,payment_burden,burden_at_2021_rate,price_to_income
2000,167550,8.053461538461539,172.19166666666666,41990,313282.97653689294,33510,134040,988.5381609306241,562.0641791061007,3499.1666666666665,0.28250673806066895,0.1606280102232248,3.990235770421529
2001,173100,6.967884615384615,177.04166666666666,42230,314793.729142686,34620,138480,918.3260156957858,580.6822405447094,3519.1666666666665,0.26094985054107106,0.16500560943728423,4.098981766516694
2002,186025,6.537307692307692,179.86666666666667,42410,332985.3454705506,37205,148820,944.2979614698547,624.0405187598473,3534.1666666666665,0.26719112326428335,0.1765735964423053,4.386347559537845
2003,192125,5.826981132075471,184,43320,336178.9770874506,38425,153700,904.4819914686943,644.5036133139935,3610,0.25054902810767155,0.1785328568736824,4.435018467220683
2004,218150,5.8392307692307694,188.90833333333333,44330,371799.323136522,43630,174520,1028.365488268616,731.8072257355768,3694.1666666666665,0.2783754987417864,0.19809805343620399,4.921046695240244
2005,236550,5.866730769230769,195.26666666666665,46330,390031.186047053,47310,189240,1118.426130221763,793.5319699644772,3860.8333333333335,0.28968516215543183,0.20553385796619308,5.1057630045327
2006,243750,6.413269230769231,201.55833333333334,48200,389357.3341426837,48750,195000,1221.4312300045278,817.685130749699,4016.6666666666665,0.3040907626567289,0.20357306159743546,5.0570539419087135
2007,244950,6.337307692307692,207.34416666666667,50230,380355.863874403,48990,195960,1217.708637990464,821.7106575472359,4185.833333333333,0.29091187847671846,0.19630754311301674,4.876567788174397
2008,229550,6.027169811320754,215.25425,50300,343344.46930463944,45910,183640,1104.224454199843,770.049730312178,4191.666666666667,0.2634332693916126,0.1837096772116528,4.563618290258449
2009,215650,5.036538461538462,214.56466666666665,49780,323590.4903360349,43130,172520,929.9809904855307,723.4207115740413,4148.333333333333,0.22418183780285997,0.17438827920627756,4.3320610687022905
2010,222700,4.689807692307692,218.07616666666667,49280,328788.41484838456,44540,178160,922.9140061644524,747.0706815095712,4106.666666666667,0.22473555344913612,0.18191656205590206,4.519074675324675
2011,224900,4.447884615384615,224.923,50050,321928.9861621331,44980,179920,906.0653249161995,754.4508139717224,4170.833333333333,0.21723843954034755,0.18088730804516823,4.4935064935064934
2012,244400,3.6575,229.58608333333333,51020,342736.32547480124,48880,195520,895.2518402204579,819.8656244316982,4251.666666666667,0.2105649173391904,0.1928339375378357,4.790278322226578
2013,266225,3.975576923076923,232.95175,53590,367948.7672778903,53245,212980,1013.8025799008734,893.079893061902,4465.833333333333,0.2270130800300519,0.19998056944845727,4.967811158798283
2014,285775,4.168867924528302,236.715,53660,388689.62495175446,57155,228620,1113.8408590883923,958.6624338051087,4471.666666666667,0.24908852607269302,0.21438593376185805,5.325661572866195
2015,294150,3.850576923076923,237.00175000000002,56520,399596.60871318844,58830,235320,1103.27706509562,986.757256246252,4710,0.23424141509461147,0.20950260217542507,5.2043524416135885
2016,305125,3.6540384615384616,240.00541666666666,59040,409318.3765423224,61025,244100,1117.2146139204683,1023.5740534153924,4920,0.22707614104074558,0.20804350679174644,5.168106368563685
2017,322425,3.9898076923076924,245.121,61140,423499.2862245029,64485,257940,1229.9298415197113,1081.6087314132174,5095,0.2413993800823771,0.21228826916844307,5.273552502453386
2018,325275,4.544615384615384,251.0995,63180,417070.36445530737,65055,260220,1325.4037696796215,1091.1693575573677,5265,0.2517386077264238,0.20724964056170325,5.148385565052232
2019,320250,3.935769230769231,255.65258333333333,68700,403314.13843734015,64050,256200,1213.66998639997,1074.3124640926815,5725,0.21199475744977642,0.1876528321559269,4.6615720524017465
2020,328150,3.111698113207547,258.85575,68010,408149.32821921795,65630,262520,1122.6721271839317,1100.8138488431332,5667.5,0.19808947987365358,0.19423270380999264,4.825025731510072
2021,383000,2.957692307692308,270.97341666666665,70780,455068.2967307735,76600,306400,1284.8139695472194,1284.8139695472194,5898.333333333333,0.2178266125256659,0.2178266125256659,5.411133088443063
2022,432950,5.344038461538462,292.62641666666667,74580,476352.7849903358,86590,346360,1932.8362715251092,1452.376522494696,6215,0.3109953775583442,0.233688901447256,5.805175650308394
2023,426525,6.806730769230769,304.70300000000003,80610,450684.11953607283,85305,341220,2226.029185144696,1430.82318109955,6717.5,0.33137762339333027,0.2129993570672944,5.291216970599181
2024,418975,6.721153846153846,313.6981666666667,83160,430012.04723233526,83795,335180,2167.5480238417704,1405.4959083317133,6930,0.3127774926178601,0.2028132623855286,5.038179413179413
2025,415400,6.595094339622642,321.9619090909091,87460,415400,83080,332320,2121.314313147089,1393.503193080718,7288.333333333333,0.2910561600476225,0.19119641341148658,4.749599817059227
