remote,skill,postings,total_jobs,share_pct
FALSE,AWS,102,501,20.4
FALSE,Azure,71,501,14.2
FALSE,C#,23,501,4.6
FALSE,Docker,77,501,15.4
FALSE,Git,97,501,19.4
FALSE,Go,5,501,1
FALSE,Google Cloud,50,501,10
FALSE,Java,56,501,11.2
FALSE,JavaScript,33,501,6.6
FALSE,Kubernetes,81,501,16.2
FALSE,Node.js,31,501,6.2
FALSE,PHP,16,501,3.2
FALSE,PostgreSQL,58,501,11.6
FALSE,Power BI,9,501,1.8
FALSE,Python,176,501,35.1
FALSE,React,58,501,11.6
FALSE,Ruby,7,501,1.4
FALSE,SAP,19,501,3.8
FALSE,SQL,80,501,16
FALSE,TypeScript,84,501,16.8
TRUE,AWS,12,42,28.6
TRUE,Azure,7,42,16.7
TRUE,C#,0,42,0
TRUE,Docker,11,42,26.2
TRUE,Git,11,42,26.2
TRUE,Go,0,42,0
TRUE,Google Cloud,10,42,23.8
TRUE,Java,6,42,14.3
TRUE,JavaScript,6,42,14.3
TRUE,Kubernetes,10,42,23.8
TRUE,Node.js,1,42,2.4
TRUE,PHP,2,42,4.8
TRUE,PostgreSQL,4,42,9.5
TRUE,Power BI,0,42,0
TRUE,Python,11,42,26.2
TRUE,React,4,42,9.5
TRUE,Ruby,2,42,4.8
TRUE,SAP,2,42,4.8
TRUE,SQL,6,42,14.3
TRUE,TypeScript,7,42,16.7
